distance;MN15L
 2.0;0.29930868
 2.1;0.14581847
 2.2;0.05630288
 2.3;0.00782088
 2.4;-0.01614154
 2.5;-0.02371535
 2.6;-0.02439259
 2.7;-0.02514822
 2.8;-0.02537656
 2.9;-0.02424878
 3.0;-0.02146615
 3.1;-0.01731985
 3.2;-0.01281571
 3.3;-0.00855517
 3.4;-0.00518513
 3.5;-0.00255669
 3.6;-0.00062828
 3.7;0.00105702
 3.8;0.00199661
